"0","knitr::opts_chunk$set(dev = ""png"", dev.args = list(type = ""cairo-png""))"
"0",""
"0","library(flexdashboard)"
"0","library(tidyverse)"
"0","library(scales)"
"0","library(plotly)"
"0","library(htmlwidgets)"
"0","library(tint)"
"0","library(rgdal)"
"0","library(rgeos)"
"0","library(miniUI)"
"0","library(units)"
"0","library(reactable)"
"0","library(lubridate)"
"0","library(zoo)"
"0","library(leaflet)"
"0","library(htmltools)"
"0","library(rcartocolor)"
"0","library(janitor)"
"0",""
"0",""
